<application name="bookstore" basedir="/home/whalfond/Research/Applications/bookstore" >

	<classlist>
		<class name="org.apache.jsp.Login_jsp" target="Login.jsp"/>
		<class name="org.apache.jsp.ShoppingCart_jsp" target="ShoppingCart.jsp"/>	
		<class name="org.apache.jsp.BookDetail_jsp" target="BookDetail.jsp"/>
		<class name="org.apache.jsp.BookMaint_jsp" target="BookMaint.jsp"/>
		<class name="org.apache.jsp.AdvSearch_jsp" target="AdvSearch.jsp"/>	
		<class name="org.apache.jsp.CategoriesGrid_jsp" target="CategoriesGrid.jsp"/>
		<class name="org.apache.jsp.CardTypesGrid_jsp" target="CardTypesGrid.jsp"/>
		<class name="org.apache.jsp.OrdersRecord_jsp" target="OrdersRecord.jsp"/>
		<class name="org.apache.jsp.MembersInfo_jsp" target="MembersInfo.jsp"/>
		<class name="org.apache.jsp.CardTypesRecord_jsp" target="CardTypesRecord.jsp"/>
		<class name="org.apache.jsp.EditorialCatGrid_jsp" target="EditorialCatGrid.jsp"/>
		<class name="org.apache.jsp.EditorialsGrid_jsp" target="EditorialsGrid.jsp"/>
		<class name="org.apache.jsp.ShoppingCartRecord_jsp" target="ShoppingCartRecord.jsp"/>
		<class name="org.apache.jsp.Registration_jsp" target="Registration.jsp"/>
		<class name="org.apache.jsp.CategoriesRecord_jsp" target="CategoriesRecord.jsp"/>
		<class name="org.apache.jsp.EditorialsRecord_jsp" target="EditorialsRecord.jsp"/>
		<class name="org.apache.jsp.EditorialCatRecord_jsp" target="EditorialCatRecord.jsp"/>
		<class name="org.apache.jsp.MembersRecord_jsp" target="MembersRecord.jsp"/>
		<class name="org.apache.jsp.MyInfo_jsp" target="MyInfo.jsp"/>
		<class name="org.apache.jsp.OrdersGrid_jsp" target="OrdersGrid.jsp"/>	
		<class name="org.apache.jsp.AdminMenu_jsp" target="AdminMenu.jsp"/>	
		<class name="org.apache.jsp.MembersGrid_jsp" target="MembersGrid.jsp"/> 
		<class name="org.apache.jsp.Default_jsp" target="Default.jsp"/>
		<class name="org.apache.jsp.Header_jsp" target="Header.jsp"/>
		<class name="org.apache.jsp.Footer_jsp" target="Footer.jsp"/>
		<class name="org.apache.jsp.AdminBooks_jsp" target="AdminBooks.jsp"/> 		
		<class name="org.apache.jsp.Books_jsp" target="Books.jsp"/>
	</classlist>

</application>
